GPU;2008;2009;2010;2011;2012;2013;2014;2015;2016;2017;2018;2019;2020;2021;2022;2023;2024;Performance (TPU);Performance (Blender)
NVIDIA GeForce RTX 3060;0.000;0.000;0.000;0.000;0.000;0.000;0.000;0.000;0.000;0.000;0.000;0.000;0.000;0.520;2.776;5.655;5.747;;2389.230
NVIDIA GeForce RTX 4060 Laptop GPU;0.000;0.000;0.000;0.000;0.000;0.000;0.000;0.000;0.000;0.000;0.000;0.000;0.000;0.000;0.000;0.792;3.144;;3347.620
NVIDIA GeForce RTX 4060;0.000;0.000;0.000;0.000;0.000;0.000;0.000;0.000;0.000;0.000;0.000;0.000;0.000;0.000;0.000;0.283;2.623;10650.000;3155.540
NVIDIA GeForce GTX 1650;0.000;0.000;0.000;0.000;0.000;0.000;0.000;0.000;0.000;0.000;0.000;0.303;2.844;5.457;6.245;5.346;4.216;3829.000;451.400
NVIDIA GeForce RTX 2060;0.000;0.000;0.000;0.000;0.000;0.000;0.000;0.000;0.000;0.000;0.000;0.817;2.647;5.250;5.255;4.778;3.592;7740.000;1691.240
NVIDIA GeForce RTX 4060 Ti;0.000;0.000;0.000;0.000;0.000;0.000;0.000;0.000;0.000;0.000;0.000;0.000;0.000;0.000;0.000;0.299;2.216;;3834.540
NVIDIA GeForce RTX 3060 Ti;0.000;0.000;0.000;0.000;0.000;0.000;0.000;0.000;0.000;0.000;0.000;0.000;0.000;0.468;1.759;3.551;3.610;11514.000;3047.900
NVIDIA GeForce RTX 3070;0.000;0.000;0.000;0.000;0.000;0.000;0.000;0.000;0.000;0.000;0.000;0.000;0.000;1.262;2.163;3.435;3.443;13484.000;3453.330
NVIDIA GeForce GTX 1660 SUPER;0.000;0.000;0.000;0.000;0.000;0.000;0.000;0.000;0.000;0.000;0.000;0.000;0.923;2.517;2.445;2.522;2.311;6226.000;796.700
NVIDIA GeForce RTX 4070;0.000;0.000;0.000;0.000;0.000;0.000;0.000;0.000;0.000;0.000;0.000;0.000;0.000;0.000;0.000;0.514;2.257;16469.000;5513.510
NVIDIA GeForce RTX 3060 Laptop GPU;0.000;0.000;0.000;0.000;0.000;0.000;0.000;0.000;0.000;0.000;0.000;0.000;0.000;0.580;2.954;4.022;3.357;;2387.200
NVIDIA GeForce GTX 1060;0.000;0.000;0.000;0.000;0.000;0.000;0.000;0.000;0.288;4.297;13.862;15.437;12.157;9.364;7.295;5.132;3.436;;377.950
NVIDIA GeForce RTX 3050;0.000;0.000;0.000;0.000;0.000;0.000;0.000;0.000;0.000;0.000;0.000;0.000;0.000;0.077;1.279;2.490;2.716;;1560.300
AMD Radeon Graphics;0.000;0.000;0.000;0.000;0.000;0.000;0.000;0.000;0.000;0.000;0.000;0.000;0.000;0.281;1.577;1.904;2.060;;112.100
NVIDIA GeForce RTX 3080;0.000;0.000;0.000;0.000;0.000;0.000;0.000;0.000;0.000;0.000;0.000;0.000;0.019;0.851;1.464;2.148;2.148;17524.000;4913.040
Intel Iris Xe Graphics;0.000;0.000;0.000;0.000;0.000;0.000;0.000;0.000;0.000;0.000;0.000;0.000;0.000;0.000;0.000;0.276;1.931;;100.900
NVIDIA GeForce GTX 1050 Ti;0.000;0.000;0.000;0.000;0.000;0.000;0.000;0.000;0.000;2.712;9.979;9.841;8.270;6.484;5.338;3.567;2.433;3059.000;219.450
Intel(R) UHD Graphics;0.000;0.000;0.000;0.000;0.000;0.000;0.000;0.000;0.000;0.000;0.000;0.000;0.000;0.672;1.220;1.406;1.491;;
NVIDIA GeForce GTX 1660 Ti;0.000;0.000;0.000;0.000;0.000;0.000;0.000;0.000;0.000;0.000;0.000;0.550;2.555;3.076;2.682;2.063;1.604;6573.000;809.530
NVIDIA GeForce RTX 4070 SUPER;0.000;0.000;0.000;0.000;0.000;0.000;0.000;0.000;0.000;0.000;0.000;0.000;0.000;0.000;0.000;0.000;0.600;19104.000;6189.700
NVIDIA GeForce RTX 3070 Ti;0.000;0.000;0.000;0.000;0.000;0.000;0.000;0.000;0.000;0.000;0.000;0.000;0.000;0.098;0.852;1.497;1.477;14428.000;3805.370
AMD Radeon(TM) Graphics;0.000;0.000;0.000;0.000;0.000;0.000;0.000;0.000;0.000;0.000;0.000;0.000;0.030;0.404;0.000;0.290;1.016;;
NVIDIA GeForce RTX 2060 SUPER;0.000;0.000;0.000;0.000;0.000;0.000;0.000;0.000;0.000;0.000;0.000;0.035;0.936;1.449;1.173;1.355;1.281;8695.000;2266.600
NVIDIA GeForce RTX 4070 Ti;0.000;0.000;0.000;0.000;0.000;0.000;0.000;0.000;0.000;0.000;0.000;0.000;0.000;0.000;0.000;0.526;1.222;20503.000;6871.370
NVIDIA GeForce RTX 4050 Laptop GPU;0.000;0.000;0.000;0.000;0.000;0.000;0.000;0.000;0.000;0.000;0.000;0.000;0.000;0.000;0.000;0.181;0.819;;2602.870
NVIDIA GeForce RTX 2070 SUPER;0.000;0.000;0.000;0.000;0.000;0.000;0.000;0.000;0.000;0.000;0.000;0.073;1.532;2.328;1.852;1.474;1.238;9967.000;2392.150
NVIDIA GeForce GTX 1070;0.000;0.000;0.000;0.000;0.000;0.000;0.000;0.000;0.413;1.367;3.285;4.507;4.106;3.032;2.206;1.547;1.201;6573.000;565.220
NVIDIA GeForce GTX 1050;0.000;0.000;0.000;0.000;0.000;0.000;0.000;0.000;0.000;1.431;5.023;5.485;5.159;3.837;2.782;1.775;1.176;2447.000;170.680
NVIDIA GeForce RTX 4090;0.000;0.000;0.000;0.000;0.000;0.000;0.000;0.000;0.000;0.000;0.000;0.000;0.000;0.000;0.000;0.492;0.932;32721.000;12127.600
NVIDIA GeForce RTX 3050 Ti Laptop GPU;0.000;0.000;0.000;0.000;0.000;0.000;0.000;0.000;0.000;0.000;0.000;0.000;0.000;0.067;0.714;1.117;0.990;;1355.400
NVIDIA GeForce RTX 4070 Laptop GPU;0.000;0.000;0.000;0.000;0.000;0.000;0.000;0.000;0.000;0.000;0.000;0.000;0.000;0.000;0.000;0.069;0.512;;3618.080
NVIDIA GeForce GTX 1660;0.000;0.000;0.000;0.000;0.000;0.000;0.000;0.000;0.000;0.000;0.000;0.315;1.579;2.090;1.922;1.647;0.998;5726.000;733.970
NVIDIA GeForce RTX 2070;0.000;0.000;0.000;0.000;0.000;0.000;0.000;0.000;0.000;0.000;0.000;0.982;1.862;1.869;1.401;1.210;0.958;8808.000;2234.220
AMD Radeon RX 6600;0.000;0.000;0.000;0.000;0.000;0.000;0.000;0.000;0.000;0.000;0.000;0.000;0.000;0.000;0.164;0.492;0.720;8412.000;977.820
AMD Radeon RX 580;0.000;0.000;0.000;0.000;0.000;0.000;0.000;0.000;0.000;0.000;0.295;1.234;2.002;1.860;1.359;1.019;0.853;5007.000;391.860
NVIDIA GeForce RTX 4080;0.000;0.000;0.000;0.000;0.000;0.000;0.000;0.000;0.000;0.000;0.000;0.000;0.000;0.000;0.000;0.356;0.762;26045.000;8979.940
NVIDIA GeForce RTX 3080 Ti;0.000;0.000;0.000;0.000;0.000;0.000;0.000;0.000;0.000;0.000;0.000;0.000;0.000;0.093;0.618;0.767;0.768;19630.000;5658.410
AMD Radeon RX 6700 XT;0.000;0.000;0.000;0.000;0.000;0.000;0.000;0.000;0.000;0.000;0.000;0.000;0.000;0.045;0.276;0.546;0.704;11919.000;1518.010
NVIDIA GeForce GTX 1080;0.000;0.000;0.000;0.000;0.000;0.000;0.000;0.000;0.253;0.693;2.080;2.821;2.512;1.850;1.346;0.976;0.778;7740.000;611.010
NVIDIA GeForce RTX 3070 Laptop GPU;0.000;0.000;0.000;0.000;0.000;0.000;0.000;0.000;0.000;0.000;0.000;0.000;0.000;0.163;0.725;0.832;0.745;;3055.870
NVIDIA GeForce RTX 4080 SUPER;0.000;0.000;0.000;0.000;0.000;0.000;0.000;0.000;0.000;0.000;0.000;0.000;0.000;0.000;0.000;0.000;0.238;26436.000;8459.660
NVIDIA GeForce GTX 1650 Ti;0.000;0.000;0.000;0.000;0.000;0.000;0.000;0.000;0.000;0.000;0.000;0.000;0.121;1.164;1.337;0.965;0.689;;496.850
AMD Radeon RX 5700 XT;0.000;0.000;0.000;0.000;0.000;0.000;0.000;0.000;0.000;0.000;0.000;0.032;0.688;0.873;0.687;0.610;0.628;8815.000;974.590
NVIDIA GeForce RTX 3050 Laptop GPU;0.000;0.000;0.000;0.000;0.000;0.000;0.000;0.000;0.000;0.000;0.000;0.000;0.000;0.094;0.583;0.803;0.657;;1179.000
NVIDIA GeForce RTX 4070 Ti SUPER;0.000;0.000;0.000;0.000;0.000;0.000;0.000;0.000;0.000;0.000;0.000;0.000;0.000;0.000;0.000;0.000;0.219;22399.000;7127.040
AMD Radeon RX 580 2048SP;0.000;0.000;0.000;0.000;0.000;0.000;0.000;0.000;0.000;0.000;0.000;0.030;0.255;0.221;0.141;0.318;0.503;;
AMD Radeon RX 570;0.000;0.000;0.000;0.000;0.000;0.000;0.000;0.000;0.000;0.000;0.000;0.528;1.266;1.400;1.086;0.778;0.600;4347.000;334.340
NVIDIA GeForce RTX 3090;0.000;0.000;0.000;0.000;0.000;0.000;0.000;0.000;0.000;0.000;0.000;0.000;0.000;0.335;0.475;0.530;0.539;19999.000;5934.300
NVIDIA GeForce GTX 1080 Ti;0.000;0.000;0.000;0.000;0.000;0.000;0.000;0.000;0.000;0.213;1.097;1.676;1.576;1.137;0.816;0.608;0.536;9861.000;868.110
NVIDIA GeForce RTX 2080 SUPER;0.000;0.000;0.000;0.000;0.000;0.000;0.000;0.000;0.000;0.000;0.000;0.013;0.612;0.906;0.702;0.582;0.489;11240.000;2423.120
Intel UHD Graphics 620;0.000;0.000;0.000;0.000;0.000;0.000;0.000;0.000;0.000;0.000;0.080;0.537;1.048;0.892;0.647;0.506;0.459;;
AMD Radeon Vega 8 Graphics;0.000;0.000;0.000;0.000;0.000;0.000;0.000;0.000;0.000;0.000;0.000;0.167;0.671;1.096;1.007;0.725;0.502;;89.720
NVIDIA GeForce GTX 1650 SUPER;0.000;0.000;0.000;0.000;0.000;0.000;0.000;0.000;0.000;0.000;0.000;0.000;0.258;0.967;0.935;0.674;0.492;5155.000;564.420
AMD Radeon RX 7900 XTX;0.000;0.000;0.000;0.000;0.000;0.000;0.000;0.000;0.000;0.000;0.000;0.000;0.000;0.000;0.000;0.092;0.355;26687.000;3960.770
NVIDIA GeForce RTX 2080;0.000;0.000;0.000;0.000;0.000;0.000;0.000;0.000;0.000;0.000;0.000;0.657;0.995;0.828;0.628;0.503;0.422;10721.000;2374.760
AMD Radeon RX 6600 XT;0.000;0.000;0.000;0.000;0.000;0.000;0.000;0.000;0.000;0.000;0.000;0.000;0.000;0.000;0.230;0.381;0.374;9670.000;1071.080
NVIDIA GeForce GT 1030;0.000;0.000;0.000;0.000;0.000;0.000;0.000;0.000;0.000;0.000;0.348;0.618;0.612;0.702;0.822;0.598;0.407;1236.000;80.490
NVIDIA GeForce GTX 970;0.000;0.000;0.000;0.000;0.000;0.000;0.062;1.578;4.557;2.018;2.913;2.767;2.066;1.395;0.978;0.600;0.428;4483.000;307.060
NVIDIA GeForce RTX 2080 Ti;0.000;0.000;0.000;0.000;0.000;0.000;0.000;0.000;0.000;0.000;0.000;0.359;0.828;0.713;0.532;0.408;0.373;12884.000;3130.370
NVIDIA GeForce GTX 1070 Ti;0.000;0.000;0.000;0.000;0.000;0.000;0.000;0.000;0.000;0.000;0.528;1.265;1.129;0.883;0.662;0.510;0.393;7422.000;633.960
Intel UHD Graphics 630;0.000;0.000;0.000;0.000;0.000;0.000;0.000;0.000;0.000;0.000;0.013;0.300;0.481;0.402;0.317;0.268;0.373;;74.880
NVIDIA GeForce RTX 3070 Ti Laptop GPU;0.000;0.000;0.000;0.000;0.000;0.000;0.000;0.000;0.000;0.000;0.000;0.000;0.000;0.000;0.083;0.373;0.371;;3177.480
NVIDIA GeForce RTX 2050;0.000;0.000;0.000;0.000;0.000;0.000;0.000;0.000;0.000;0.000;0.000;0.000;0.000;0.000;0.000;0.000;0.196;;774.210
NVIDIA GeForce GTX 960;0.000;0.000;0.000;0.000;0.000;0.000;0.000;0.483;3.098;4.401;7.123;2.976;1.767;1.237;0.978;0.596;0.393;2840.000;180.100
AMD Radeon RX 6650 XT;0.000;0.000;0.000;0.000;0.000;0.000;0.000;0.000;0.000;0.000;0.000;0.000;0.000;0.000;0.000;0.139;0.302;10484.000;1148.620
AMD Radeon RX 550;0.000;0.000;0.000;0.000;0.000;0.000;0.000;0.000;0.000;0.000;0.059;0.225;0.305;0.458;0.476;0.378;0.302;1555.000;
AMD Radeon Vega 3 Graphics;0.000;0.000;0.000;0.000;0.000;0.000;0.000;0.000;0.000;0.000;0.000;0.012;0.202;0.386;0.485;0.403;0.297;;42.230
AMD Radeon RX 6800 XT;0.000;0.000;0.000;0.000;0.000;0.000;0.000;0.000;0.000;0.000;0.000;0.000;0.000;0.000;0.084;0.253;0.311;16882.000;2404.250
AMD Radeon RX 6750 XT;0.000;0.000;0.000;0.000;0.000;0.000;0.000;0.000;0.000;0.000;0.000;0.000;0.000;0.000;0.000;0.113;0.290;12651.000;1619.270
NVIDIA GeForce GTX 750 Ti;0.000;0.000;0.000;0.000;0.000;0.000;0.318;0.949;2.729;4.350;7.099;2.708;1.577;1.059;0.895;0.560;0.359;1818.000;107.000
Intel HD Graphics 520;0.000;0.000;0.000;0.000;0.000;0.000;0.000;0.000;0.256;0.368;0.581;0.673;0.632;0.451;0.341;0.302;0.267;;
Intel HD Graphics 620;0.000;0.000;0.000;0.000;0.000;0.000;0.000;0.000;0.000;0.152;0.519;0.782;0.861;0.595;0.405;0.326;0.268;;
AMD Radeon (TM) Graphics;0.000;0.000;0.000;0.000;0.000;0.000;0.000;0.000;0.000;0.000;0.000;0.000;0.000;0.000;0.000;0.013;0.184;;
NVIDIA GeForce GT 730;0.000;0.000;0.000;0.000;0.000;0.000;0.000;0.299;1.182;0.842;1.117;1.064;0.678;0.504;0.505;0.383;0.267;;40.010
NVIDIA GeForce RTX 3050 6GB Laptop GPU;0.000;0.000;0.000;0.000;0.000;0.000;0.000;0.000;0.000;0.000;0.000;0.000;0.000;0.000;0.000;0.000;0.062;;1159.810
Intel UHD Graphics 600;0.000;0.000;0.000;0.000;0.000;0.000;0.000;0.000;0.000;0.000;0.000;0.000;0.000;0.000;0.000;0.034;0.223;;
AMD Radeon RX 6900 XT;0.000;0.000;0.000;0.000;0.000;0.000;0.000;0.000;0.000;0.000;0.000;0.000;0.000;0.000;0.119;0.203;0.221;18191.000;2398.470
Intel HD Graphics 4600;0.000;0.000;0.000;0.000;0.000;0.000;0.533;0.717;0.967;0.427;0.479;0.506;0.446;0.364;0.332;0.284;0.237;;
NVIDIA GeForce RTX 3050 Ti;0.000;0.000;0.000;0.000;0.000;0.000;0.000;0.000;0.000;0.000;0.000;0.000;0.000;0.028;0.296;0.310;0.234;;
NVIDIA GeForce RTX 4080 Laptop GPU;0.000;0.000;0.000;0.000;0.000;0.000;0.000;0.000;0.000;0.000;0.000;0.000;0.000;0.000;0.000;0.000;0.136;;5634.060
AMD Radeon RX 5600 XT;0.000;0.000;0.000;0.000;0.000;0.000;0.000;0.000;0.000;0.000;0.000;0.000;0.052;0.307;0.238;0.225;0.217;7533.000;615.630
AMD Radeon RX 6750 GRE 12GB;0.000;0.000;0.000;0.000;0.000;0.000;0.000;0.000;0.000;0.000;0.000;0.000;0.000;0.000;0.000;0.000;0.097;;1574.940
AMD Radeon 780M Graphics;0.000;0.000;0.000;0.000;0.000;0.000;0.000;0.000;0.000;0.000;0.000;0.000;0.000;0.000;0.000;0.000;0.028;;289.500
Intel(R) Arc(TM) Graphics;0.000;0.000;0.000;0.000;0.000;0.000;0.000;0.000;0.000;0.000;0.000;0.000;0.000;0.000;0.000;0.000;0.015;;
AMD Radeon RX 6800;0.000;0.000;0.000;0.000;0.000;0.000;0.000;0.000;0.000;0.000;0.000;0.000;0.000;0.000;0.000;0.014;0.174;14863.000;1891.520
AMD Radeon RX 6500 XT;0.000;0.000;0.000;0.000;0.000;0.000;0.000;0.000;0.000;0.000;0.000;0.000;0.000;0.000;0.054;0.173;0.191;5089.000;422.230
AMD Radeon RX 5500 XT;0.000;0.000;0.000;0.000;0.000;0.000;0.000;0.000;0.000;0.000;0.000;0.000;0.043;0.312;0.262;0.212;0.190;5046.000;503.480
Intel HD Graphics 4000;0.000;0.000;0.000;0.000;0.118;2.399;4.367;2.577;2.556;0.918;0.928;0.914;0.734;0.496;0.377;0.278;0.183;;
NVIDIA GeForce RTX 3080 Laptop GPU;0.000;0.000;0.000;0.000;0.000;0.000;0.000;0.000;0.000;0.000;0.000;0.000;0.000;0.000;0.163;0.166;0.175;;3352.620
Other;19.544;20.530;24.672;32.725;30.603;35.067;23.254;49.180;20.247;48.575;10.578;10.824;9.816;9.892;9.647;9.544;9.232;;
NVIDIA GeForce RTX T10-8;0.000;0.000;0.000;0.000;0.000;0.000;0.000;0.000;0.000;0.000;0.000;0.000;0.000;0.000;0.000;0.047;0.070;;
Intel Ivy Bridge;0.000;0.000;0.000;0.000;0.000;0.000;0.000;0.000;0.642;0.526;0.544;0.531;0.408;0.330;0.293;0.216;0.176;;
NVIDIA GeForce MX450;0.000;0.000;0.000;0.000;0.000;0.000;0.000;0.000;0.000;0.000;0.000;0.000;0.000;0.047;0.235;0.199;0.137;;195.260
Intel Haswell;0.000;0.000;0.000;0.000;0.000;0.000;0.000;0.000;0.984;0.848;0.862;0.817;0.647;0.439;0.336;0.228;0.184;;
NVIDIA GeForce MX250;0.000;0.000;0.000;0.000;0.000;0.000;0.000;0.000;0.000;0.000;0.000;0.000;0.323;0.418;0.341;0.222;0.158;;90.940
NVIDIA GeForce GT 710;0.000;0.000;0.000;0.000;0.000;0.000;0.000;0.000;0.000;0.018;0.197;0.321;0.330;0.378;0.351;0.238;0.185;;21.440
NVIDIA GeForce 940M;0.000;0.000;0.000;0.000;0.000;0.000;0.000;0.016;0.511;0.481;0.922;1.048;0.910;0.584;0.374;0.244;0.173;;48.420
NVIDIA GeForce GTX 960M;0.000;0.000;0.000;0.000;0.000;0.000;0.000;0.000;0.706;1.082;1.645;1.503;1.113;0.646;0.391;0.240;0.175;;146.790
Intel HD Graphics 530;0.000;0.000;0.000;0.000;0.000;0.000;0.000;0.000;0.142;0.238;0.285;0.307;0.258;0.178;0.138;0.068;0.052;;
AMD Radeon RX Vega 11 Graphics;0.000;0.000;0.000;0.000;0.000;0.000;0.000;0.000;0.000;0.000;0.000;0.042;0.240;0.414;0.357;0.203;0.102;;88.840
RDPDD Chained DD;0.000;0.000;0.000;0.000;0.000;0.000;0.000;0.000;0.000;0.000;0.000;0.000;0.000;0.000;0.000;0.013;0.118;;
NVIDIA GeForce MX150;0.000;0.000;0.000;0.000;0.000;0.000;0.000;0.000;0.000;0.000;0.148;0.513;0.630;0.458;0.316;0.180;0.088;;94.090
NVIDIA GeForce RTX 2070 with Max-Q Design;0.000;0.000;0.000;0.000;0.000;0.000;0.000;0.000;0.000;0.000;0.000;0.000;0.013;0.275;0.253;0.158;0.083;;1847.290
NVIDIA GeForce MX350;0.000;0.000;0.000;0.000;0.000;0.000;0.000;0.000;0.000;0.000;0.000;0.000;0.000;0.176;0.233;0.163;0.067;;121.650
AMD Radeon RX 5700;0.000;0.000;0.000;0.000;0.000;0.000;0.000;0.000;0.000;0.000;0.000;0.000;0.205;0.202;0.123;0.000;0.012;8058.000;851.470
AMD Radeon RX 560;0.000;0.000;0.000;0.000;0.000;0.000;0.000;0.000;0.000;0.000;0.153;0.337;0.405;0.351;0.290;0.167;0.083;2176.000;130.090
Intel HD Graphics 3000;0.000;0.000;0.000;0.000;2.297;3.788;3.397;1.471;1.805;0.625;0.619;0.597;0.446;0.315;0.243;0.158;0.071;;
Intel HD Graphics 5500;0.000;0.000;0.000;0.000;0.000;0.000;0.000;0.076;0.731;0.432;0.502;0.516;0.458;0.318;0.231;0.158;0.070;;
NVIDIA GeForce GTX 950;0.000;0.000;0.000;0.000;0.000;0.000;0.000;0.000;0.671;1.743;2.853;1.005;0.571;0.388;0.321;0.212;0.041;2310.000;138.120
Intel(R) Iris(R) Xe Graphics;0.000;0.000;0.000;0.000;0.000;0.000;0.000;0.000;0.000;0.000;0.000;0.000;0.000;0.207;1.025;1.623;0.000;;
Intel(R) UHD Graphics 630;0.000;0.000;0.000;0.000;0.000;0.000;0.000;0.000;0.000;0.000;0.000;0.000;0.000;0.097;0.238;0.208;0.000;;
NVIDIA GeForce GTX 750;0.000;0.000;0.000;0.000;0.000;0.000;0.127;0.578;1.206;0.917;1.237;0.728;0.450;0.307;0.258;0.172;0.000;;134.050
Intel(R) UHD Graphics 600;0.000;0.000;0.000;0.000;0.000;0.000;0.000;0.000;0.000;0.000;0.000;0.000;0.000;0.000;0.000;0.113;0.000;;
AMD Radeon R7 Graphics;0.000;0.000;0.000;0.000;0.000;0.000;0.000;0.072;0.511;0.462;0.798;0.891;0.522;0.306;0.233;0.173;0.000;;
Intel Sandy Bridge;0.000;0.000;0.000;0.000;0.000;0.000;0.000;0.000;0.356;0.302;0.319;0.310;0.226;0.186;0.153;0.054;0.000;;
NVIDIA GeForce MX110;0.000;0.000;0.000;0.000;0.000;0.000;0.000;0.000;0.000;0.000;0.000;0.012;0.249;0.272;0.216;0.171;0.000;;42.000
AMD Radeon RX 480;0.000;0.000;0.000;0.000;0.000;0.000;0.000;0.000;0.072;0.331;0.525;0.581;0.499;0.343;0.227;0.148;0.000;4712.000;349.710
Intel HD Graphics 630;0.000;0.000;0.000;0.000;0.000;0.000;0.000;0.000;0.000;0.102;0.373;0.459;0.381;0.228;0.163;0.083;0.000;;
NVIDIA GeForce GT 720M;0.000;0.000;0.000;0.000;0.000;0.000;0.000;0.000;0.885;0.701;0.738;0.680;0.499;0.313;0.220;0.165;0.000;;
NVIDIA GeForce MX330;0.000;0.000;0.000;0.000;0.000;0.000;0.000;0.000;0.000;0.000;0.000;0.000;0.000;0.043;0.182;0.160;0.000;;107.460
NVIDIA GeForce GTX 650;0.000;0.000;0.000;0.000;0.000;0.894;1.894;1.080;1.390;0.658;0.743;0.612;0.393;0.269;0.231;0.173;0.000;1035.000;48.760
NVIDIA GeForce GTX 950M;0.000;0.000;0.000;0.000;0.000;0.000;0.000;0.040;0.612;0.574;0.911;0.865;0.656;0.400;0.247;0.163;0.000;;106.100
NVIDIA GeForce MX130;0.000;0.000;0.000;0.000;0.000;0.000;0.000;0.000;0.000;0.000;0.000;0.076;0.265;0.247;0.199;0.146;0.000;;67.870
AMD Radeon RX 470;0.000;0.000;0.000;0.000;0.000;0.000;0.000;0.000;0.000;0.119;0.190;0.289;0.306;0.253;0.175;0.110;0.000;4068.000;
AMD Radeon RX 590 Series;0.000;0.000;0.000;0.000;0.000;0.000;0.000;0.000;0.000;0.000;0.000;0.061;0.393;0.307;0.217;0.138;0.000;;
AMD Radeon R5 Graphics;0.000;0.000;0.000;0.000;0.000;0.000;0.000;0.000;0.318;0.393;0.608;0.702;0.505;0.303;0.198;0.113;0.000;;
NVIDIA GeForce GTX 660;0.000;0.000;0.000;0.000;0.000;1.439;2.498;1.242;1.415;0.686;0.895;0.590;0.383;0.261;0.200;0.097;0.000;2134.000;123.350
NVIDIA Graphics Device;0.000;0.000;0.000;0.000;0.000;0.000;0.000;0.000;0.000;0.000;0.000;0.000;0.298;0.764;0.000;0.019;0.000;;6429.930
NVIDIA GeForce GTX 980;0.000;0.000;0.000;0.000;0.000;0.000;0.016;0.402;0.911;0.353;0.517;0.522;0.412;0.283;0.198;0.085;0.000;5111.000;383.060
NVIDIA GeForce GTX 760;0.000;0.000;0.000;0.000;0.000;0.131;2.028;1.575;1.858;0.872;1.161;0.710;0.445;0.277;0.207;0.000;0.000;2571.000;157.980
NVIDIA GeForce GTX 980 Ti;0.000;0.000;0.000;0.000;0.000;0.000;0.000;0.000;0.819;0.334;0.478;0.489;0.388;0.256;0.193;0.000;0.000;5891.000;543.910
AMD Radeon RX 460;0.000;0.000;0.000;0.000;0.000;0.000;0.000;0.000;0.000;0.221;0.396;0.367;0.300;0.223;0.182;0.000;0.000;2126.000;
AMD Radeon RX Vega;0.000;0.000;0.000;0.000;0.000;0.000;0.000;0.000;0.000;0.000;0.000;0.239;0.313;0.211;0.094;0.000;0.000;;769.900
NVIDIA GeForce GT 630;0.000;0.000;0.000;0.000;0.000;0.763;1.639;1.013;1.302;0.502;0.492;0.449;0.273;0.173;0.110;0.000;0.000;;
NVIDIA GeForce 920M;0.000;0.000;0.000;0.000;0.000;0.000;0.000;0.000;0.282;0.336;0.434;0.435;0.337;0.210;0.098;0.000;0.000;;47.350
AMD Radeon HD 7700 Series;0.000;0.000;0.000;0.000;0.000;0.000;0.098;0.976;1.173;0.458;0.502;0.415;0.254;0.157;0.038;0.000;0.000;;
NVIDIA GeForce RTX 2060 with Max-Q Design;0.000;0.000;0.000;0.000;0.000;0.000;0.000;0.000;0.000;0.000;0.000;0.000;0.000;0.026;0.000;0.000;0.000;;1412.110
NVIDIA GeForce GTX 550 Ti;0.000;0.000;0.000;0.000;1.641;2.402;1.792;0.728;0.848;0.310;0.348;0.336;0.225;0.089;0.000;0.000;0.000;1026.000;
Intel Valleyview Baytrail;0.000;0.000;0.000;0.000;0.000;0.000;0.000;0.000;0.747;0.543;0.452;0.382;0.264;0.167;0.000;0.000;0.000;;
NVIDIA GeForce 840M;0.000;0.000;0.000;0.000;0.000;0.000;0.078;0.527;0.993;0.373;0.424;0.393;0.298;0.164;0.000;0.000;0.000;;47.700
NVIDIA GeForce 920MX;0.000;0.000;0.000;0.000;0.000;0.000;0.000;0.000;0.000;0.000;0.182;0.286;0.262;0.169;0.000;0.000;0.000;;47.800
NVIDIA GeForce MX230;0.000;0.000;0.000;0.000;0.000;0.000;0.000;0.000;0.000;0.000;0.000;0.000;0.000;0.089;0.000;0.000;0.000;;59.640
Intel Cherryview Cherrytrail;0.000;0.000;0.000;0.000;0.000;0.000;0.000;0.000;0.158;0.267;0.314;0.302;0.241;0.163;0.000;0.000;0.000;;
AMD Radeon R5 M330;0.000;0.000;0.000;0.000;0.000;0.000;0.000;0.000;0.092;0.158;0.212;0.243;0.213;0.177;0.000;0.000;0.000;;
AMD Radeon R9 380 Series;0.000;0.000;0.000;0.000;0.000;0.000;0.000;0.000;0.258;0.222;0.298;0.292;0.216;0.145;0.000;0.000;0.000;;
AMD Radeon HD 7900 Series;0.000;0.000;0.000;0.000;0.000;0.000;0.000;1.127;1.337;0.416;0.491;0.407;0.262;0.160;0.000;0.000;0.000;;
NVIDIA GeForce GTX 970M;0.000;0.000;0.000;0.000;0.000;0.000;0.000;0.088;0.532;0.287;0.404;0.372;0.272;0.169;0.000;0.000;0.000;;215.870
NVIDIA GeForce GTX 770;0.000;0.000;0.000;0.000;0.000;0.114;1.673;1.011;1.108;0.347;0.439;0.373;0.243;0.152;0.000;0.000;0.000;3139.000;201.020
AMD Radeon HD 8800 Series;0.000;0.000;0.000;0.000;0.000;0.000;0.608;0.870;1.237;0.391;0.457;0.367;0.232;0.143;0.000;0.000;0.000;;
Intel UHD Graphics;0.000;0.000;0.000;0.000;0.000;0.000;0.000;0.000;0.000;0.000;0.000;0.000;0.125;0.235;0.000;0.000;0.000;;
Intel Iris Plus Graphics;0.000;0.000;0.000;0.000;0.000;0.000;0.000;0.000;0.000;0.000;0.000;0.000;0.025;0.053;0.000;0.000;0.000;;
NVIDIA GeForce 940MX;0.000;0.000;0.000;0.000;0.000;0.000;0.000;0.000;0.000;0.019;0.195;0.240;0.198;0.057;0.000;0.000;0.000;;58.680
AMD Radeon Vega 8 Mobile Graphics;0.000;0.000;0.000;0.000;0.000;0.000;0.000;0.000;0.000;0.000;0.000;0.025;0.163;0.056;0.000;0.000;0.000;;
AMD Radeon R7 300 Series;0.000;0.000;0.000;0.000;0.000;0.000;0.000;0.000;0.230;0.283;0.403;0.327;0.220;0.087;0.000;0.000;0.000;;
NVIDIA GeForce GT 740M;0.000;0.000;0.000;0.000;0.000;0.000;0.763;0.517;0.782;0.266;0.282;0.265;0.202;0.055;0.000;0.000;0.000;;33.950
AMD Radeon R4 Graphics;0.000;0.000;0.000;0.000;0.000;0.000;0.000;0.230;0.400;0.097;0.129;0.195;0.182;0.000;0.000;0.000;0.000;;
NVIDIA GeForce GTX 860M;0.000;0.000;0.000;0.000;0.000;0.000;0.121;0.593;1.197;0.291;0.351;0.299;0.208;0.000;0.000;0.000;0.000;;102.790
AMD Radeon HD 8500 Series;0.000;0.000;0.000;0.000;0.000;0.000;0.000;0.273;0.573;0.273;0.320;0.298;0.196;0.000;0.000;0.000;0.000;;
NVIDIA GeForce GTS 450;0.000;0.000;0.000;0.498;1.522;1.500;1.147;0.525;0.644;0.239;0.263;0.263;0.198;0.000;0.000;0.000;0.000;826.000;
AMD Radeon HD 7800 Series;0.000;0.000;0.000;0.000;0.000;0.000;0.000;0.912;0.975;0.339;0.383;0.291;0.208;0.000;0.000;0.000;0.000;;
Intel HD Graphics 4400;0.000;0.000;0.000;0.000;0.000;0.000;0.699;1.296;1.203;0.177;0.182;0.197;0.162;0.000;0.000;0.000;0.000;;
AMD Radeon R9 390 Series;0.000;0.000;0.000;0.000;0.000;0.000;0.000;0.000;0.236;0.210;0.199;0.228;0.187;0.000;0.000;0.000;0.000;;
NVIDIA GeForce GTX 850M;0.000;0.000;0.000;0.000;0.000;0.000;0.057;0.312;0.542;0.229;0.273;0.237;0.171;0.000;0.000;0.000;0.000;;118.510
Intel HD Graphics;0.000;0.000;0.000;0.000;1.734;1.882;0.000;0.000;0.120;0.000;0.012;0.152;0.105;0.000;0.000;0.000;0.000;;
AMD Radeon R9 200 Series;0.000;0.000;0.000;0.000;0.000;0.000;0.254;0.518;1.033;0.240;0.212;0.227;0.169;0.000;0.000;0.000;0.000;;
NVIDIA GeForce GTX 650 Ti;0.000;0.000;0.000;0.000;0.000;0.417;0.967;0.462;0.553;0.278;0.310;0.236;0.172;0.000;0.000;0.000;0.000;1491.000;75.740
AMD Radeon R7 M445;0.000;0.000;0.000;0.000;0.000;0.000;0.000;0.000;0.000;0.000;0.000;0.000;0.038;0.000;0.000;0.000;0.000;;
NVIDIA GeForce GTX 965M;0.000;0.000;0.000;0.000;0.000;0.000;0.000;0.000;0.090;0.152;0.185;0.193;0.094;0.000;0.000;0.000;0.000;;132.570
AMD Radeon HD 8470D;0.000;0.000;0.000;0.000;0.000;0.000;0.000;0.152;0.424;0.302;0.444;0.368;0.139;0.000;0.000;0.000;0.000;;
NVIDIA GeForce GT 740;0.000;0.000;0.000;0.000;0.000;0.000;0.000;0.143;0.413;0.217;0.243;0.207;0.074;0.000;0.000;0.000;0.000;;58.800
NVIDIA GeForce GT 640;0.000;0.000;0.000;0.000;0.000;0.309;0.812;0.423;0.505;0.205;0.166;0.195;0.101;0.000;0.000;0.000;0.000;628.000;36.650
NVIDIA GeForce GT 610;0.000;0.000;0.000;0.000;0.000;0.000;0.360;0.346;0.548;0.216;0.224;0.193;0.040;0.000;0.000;0.000;0.000;;
NVIDIA GeForce 210;0.000;0.000;0.000;0.000;0.537;0.861;1.059;0.659;0.929;0.342;0.326;0.252;0.112;0.000;0.000;0.000;0.000;100.000;
Intel HD Graphics 2000;0.000;0.000;0.000;0.000;0.842;2.050;2.404;1.261;1.279;0.288;0.251;0.218;0.103;0.000;0.000;0.000;0.000;;
NVIDIA GeForce GTX 980M;0.000;0.000;0.000;0.000;0.000;0.000;0.000;0.032;0.267;0.131;0.157;0.187;0.000;0.000;0.000;0.000;0.000;;264.380
AMD Radeon HD 8370D;0.000;0.000;0.000;0.000;0.000;0.000;0.000;0.028;0.243;0.175;0.225;0.185;0.000;0.000;0.000;0.000;0.000;;
Radeon RX 590 Series;0.000;0.000;0.000;0.000;0.000;0.000;0.000;0.000;0.000;0.000;0.000;0.016;0.000;0.000;0.000;0.000;0.000;;
ATI Radeon HD 5450;0.000;0.000;0.000;0.000;0.639;0.763;0.559;0.397;0.535;0.225;0.158;0.177;0.000;0.000;0.000;0.000;0.000;202.000;
AMD Radeon HD 8600 Series;0.000;0.000;0.000;0.000;0.000;0.000;0.000;0.173;0.318;0.127;0.060;0.015;0.000;0.000;0.000;0.000;0.000;;
NVIDIA GeForce GT 430;0.000;0.000;0.000;0.000;0.741;0.947;0.817;0.383;0.475;0.193;0.128;0.144;0.000;0.000;0.000;0.000;0.000;405.000;
ATI Radeon HD 5700 Series;0.000;0.000;2.627;1.269;0.000;0.000;0.000;0.455;0.462;0.167;0.119;0.123;0.000;0.000;0.000;0.000;0.000;;
AMD Radeon HD 6570;0.000;0.000;0.000;0.000;0.000;0.000;0.345;0.275;0.338;0.133;0.117;0.123;0.000;0.000;0.000;0.000;0.000;;
Intel Ironlake Arrandale;0.000;0.000;0.000;0.000;0.000;0.000;0.000;0.000;0.503;0.207;0.128;0.121;0.000;0.000;0.000;0.000;0.000;;
NVIDIA GeForce 9500 GT;0.000;0.000;0.000;0.000;0.000;0.000;0.000;0.000;0.412;0.199;0.119;0.110;0.000;0.000;0.000;0.000;0.000;;
AMD Radeon R7 200 Series;0.000;0.000;0.000;0.000;0.000;0.000;0.218;0.267;0.390;0.167;0.138;0.117;0.000;0.000;0.000;0.000;0.000;;
AMD Radeon HD 6670;0.000;0.000;0.000;0.000;0.000;0.000;0.551;0.383;0.418;0.155;0.118;0.112;0.000;0.000;0.000;0.000;0.000;675.000;
NVIDIA GeForce GT 440;0.000;0.000;0.000;0.000;0.545;0.743;0.634;0.303;0.377;0.142;0.081;0.065;0.000;0.000;0.000;0.000;0.000;470.000;
NVIDIA GeForce 9600 GT;0.000;0.000;0.000;0.000;0.000;0.000;0.000;0.000;0.431;0.188;0.119;0.111;0.000;0.000;0.000;0.000;0.000;551.000;
Intel HD Graphics 610;0.000;0.000;0.000;0.000;0.000;0.000;0.000;0.000;0.000;0.000;0.000;0.014;0.000;0.000;0.000;0.000;0.000;;
ATI Mobility Radeon HD 5000 Series;0.000;0.000;0.000;0.000;0.000;0.000;0.000;0.537;0.571;0.198;0.100;0.066;0.000;0.000;0.000;0.000;0.000;;
NVIDIA GeForce GTX 780;0.000;0.000;0.000;0.000;0.000;0.000;0.728;0.441;0.466;0.163;0.124;0.085;0.000;0.000;0.000;0.000;0.000;3697.000;311.350
NVIDIA GeForce GTX 745;0.000;0.000;0.000;0.000;0.000;0.000;0.000;0.101;0.263;0.113;0.097;0.067;0.000;0.000;0.000;0.000;0.000;;54.070
NVIDIA GeForce GTX 670;0.000;0.000;0.000;0.000;0.292;1.399;1.162;0.429;0.432;0.151;0.103;0.056;0.000;0.000;0.000;0.000;0.000;2767.000;184.300
NVIDIA GeForce GTX 660 Ti;0.000;0.000;0.000;0.000;0.000;1.126;1.056;0.388;0.394;0.140;0.112;0.000;0.000;0.000;0.000;0.000;0.000;2417.000;149.550
NVIDIA GeForce GT 750M;0.000;0.000;0.000;0.000;0.000;0.000;0.404;0.321;0.407;0.149;0.097;0.000;0.000;0.000;0.000;0.000;0.000;;55.060
NVIDIA GeForce GT 630M;0.000;0.000;0.000;0.000;0.177;0.967;0.868;0.376;0.456;0.158;0.095;0.000;0.000;0.000;0.000;0.000;0.000;;
AMD Radeon HD 6800 Series;0.000;0.000;0.000;0.000;0.000;0.000;0.000;0.527;0.474;0.165;0.094;0.000;0.000;0.000;0.000;0.000;0.000;;
NVIDIA GeForce 930M;0.000;0.000;0.000;0.000;0.000;0.000;0.000;0.000;0.065;0.083;0.025;0.000;0.000;0.000;0.000;0.000;0.000;;61.300
NVIDIA GeForce GTX 560 Ti;0.000;0.000;0.000;0.000;2.391;2.712;1.659;0.537;0.480;0.158;0.040;0.000;0.000;0.000;0.000;0.000;0.000;1777.000;
AMD Radeon HD 7480D;0.000;0.000;0.000;0.000;0.000;0.000;0.132;0.185;0.272;0.107;0.014;0.000;0.000;0.000;0.000;0.000;0.000;;
NVIDIA GeForce GT 220;0.000;0.000;0.738;1.034;1.058;0.828;0.708;0.343;0.406;0.151;0.025;0.000;0.000;0.000;0.000;0.000;0.000;310.000;
NVIDIA GeForce 9800 GT;0.000;0.000;0.000;0.000;0.000;0.000;0.000;0.000;0.299;0.139;0.012;0.000;0.000;0.000;0.000;0.000;0.000;649.000;
NVIDIA GeForce GTS 250;0.000;0.000;0.000;0.000;1.643;1.361;0.907;0.358;0.388;0.137;0.000;0.000;0.000;0.000;0.000;0.000;0.000;802.000;
AMD Radeon HD 6450;0.000;0.000;0.000;0.000;0.000;0.000;0.248;0.205;0.271;0.107;0.000;0.000;0.000;0.000;0.000;0.000;0.000;237.000;
NVIDIA GeForce GT 540M;0.000;0.000;0.000;0.000;1.206;1.286;0.886;0.354;0.375;0.122;0.000;0.000;0.000;0.000;0.000;0.000;0.000;;
NVIDIA GeForce GT 650M;0.000;0.000;0.000;0.000;0.000;0.675;0.796;0.313;0.347;0.122;0.000;0.000;0.000;0.000;0.000;0.000;0.000;;35.260
NVIDIA GeForce GTX 560;0.000;0.000;0.000;0.706;2.055;1.617;1.101;0.385;0.376;0.129;0.000;0.000;0.000;0.000;0.000;0.000;0.000;;
AMD Radeon HD 6700 Series;0.000;0.000;0.000;0.000;0.000;0.000;0.000;0.261;0.296;0.109;0.000;0.000;0.000;0.000;0.000;0.000;0.000;;
NVIDIA GeForce GT 240;0.000;0.000;0.287;0.759;0.870;0.707;0.553;0.263;0.310;0.113;0.000;0.000;0.000;0.000;0.000;0.000;0.000;480.000;
NVIDIA GeForce GTX 680;0.000;0.000;0.000;0.000;0.225;1.056;0.817;0.291;0.295;0.102;0.000;0.000;0.000;0.000;0.000;0.000;0.000;2990.000;194.260
NVIDIA GeForce 610M;0.000;0.000;0.000;0.000;0.000;0.000;0.281;0.244;0.316;0.105;0.000;0.000;0.000;0.000;0.000;0.000;0.000;;
Intel G41 Express Chipset;0.000;0.000;0.000;0.000;0.000;0.000;0.000;0.000;0.152;0.118;0.000;0.000;0.000;0.000;0.000;0.000;0.000;;
Mobile Intel 4 Series Express Chipset Family;0.000;0.000;0.000;0.000;0.000;0.000;0.000;0.000;0.191;0.143;0.000;0.000;0.000;0.000;0.000;0.000;0.000;;
AMD Radeon HD 6900 Series;0.000;0.000;0.000;0.000;0.000;0.000;0.000;0.000;0.241;0.102;0.000;0.000;0.000;0.000;0.000;0.000;0.000;;
NVIDIA GeForce GTX 460;0.000;0.000;0.246;2.578;2.663;1.712;0.969;0.303;0.268;0.101;0.000;0.000;0.000;0.000;0.000;0.000;0.000;1215.000;
AMD Radeon HD 7600M Series;0.000;0.000;0.000;0.000;0.000;0.000;0.000;0.040;0.215;0.092;0.000;0.000;0.000;0.000;0.000;0.000;0.000;;
ATI Radeon HD 5670;0.000;0.000;0.000;0.555;0.838;0.646;0.192;0.000;0.198;0.090;0.000;0.000;0.000;0.000;0.000;0.000;0.000;586.000;
NVIDIA GeForce GT 635M;0.000;0.000;0.000;0.000;0.000;0.000;0.223;0.168;0.229;0.092;0.000;0.000;0.000;0.000;0.000;0.000;0.000;;
NVIDIA GeForce GT 520;0.000;0.000;0.000;0.000;0.474;0.615;0.243;0.193;0.232;0.094;0.000;0.000;0.000;0.000;0.000;0.000;0.000;251.000;
AMD Radeon R6 Graphics;0.000;0.000;0.000;0.000;0.000;0.000;0.000;0.000;0.152;0.089;0.000;0.000;0.000;0.000;0.000;0.000;0.000;;
AMD Radeon HD 7540D;0.000;0.000;0.000;0.000;0.000;0.000;0.122;0.166;0.217;0.087;0.000;0.000;0.000;0.000;0.000;0.000;0.000;;
NVIDIA GeForce 8400 GS;0.000;0.000;0.000;0.000;0.000;0.000;0.000;0.000;0.164;0.083;0.000;0.000;0.000;0.000;0.000;0.000;0.000;;
AMD Radeon HD 8400;0.000;0.000;0.000;0.000;0.000;0.000;0.074;0.123;0.189;0.081;0.000;0.000;0.000;0.000;0.000;0.000;0.000;;
ATI Radeon HD 5500 Series;0.000;0.000;0.000;0.000;0.000;0.000;0.000;0.143;0.186;0.074;0.000;0.000;0.000;0.000;0.000;0.000;0.000;;
NVIDIA GeForce GT 620;0.000;0.000;0.000;0.000;0.000;0.000;0.201;0.173;0.203;0.081;0.000;0.000;0.000;0.000;0.000;0.000;0.000;;
ATI Radeon HD 5800 Series;0.000;0.000;2.566;1.223;0.000;0.000;0.000;0.223;0.212;0.082;0.000;0.000;0.000;0.000;0.000;0.000;0.000;;
NVIDIA GeForce GTX 780 Ti;0.000;0.000;0.000;0.000;0.000;0.000;0.222;0.205;0.222;0.087;0.000;0.000;0.000;0.000;0.000;0.000;0.000;4604.000;348.810
AMD Radeon HD 7640G;0.000;0.000;0.000;0.000;0.000;0.000;0.000;0.199;0.208;0.081;0.000;0.000;0.000;0.000;0.000;0.000;0.000;;
Intel G33/G31 Express Chipset Family;0.000;0.000;0.000;0.000;0.000;0.000;0.000;0.000;0.080;0.077;0.000;0.000;0.000;0.000;0.000;0.000;0.000;;
AMD Radeon HD 6310;0.000;0.000;0.000;0.000;0.000;0.000;0.255;0.199;0.209;0.082;0.000;0.000;0.000;0.000;0.000;0.000;0.000;;
NVIDIA GeForce GTX 765M;0.000;0.000;0.000;0.000;0.000;0.000;0.223;0.179;0.199;0.077;0.000;0.000;0.000;0.000;0.000;0.000;0.000;;72.300
NVIDIA GeForce GTX 570;0.000;0.000;0.000;0.397;1.569;1.285;0.752;0.231;0.194;0.072;0.000;0.000;0.000;0.000;0.000;0.000;0.000;2140.000;
AMD Radeon HD 6530D;0.000;0.000;0.000;0.000;0.000;0.000;0.147;0.139;0.174;0.057;0.000;0.000;0.000;0.000;0.000;0.000;0.000;;
AMD Radeon HD 6520G;0.000;0.000;0.000;0.000;0.000;0.000;0.232;0.172;0.179;0.070;0.000;0.000;0.000;0.000;0.000;0.000;0.000;;
NVIDIA GeForce GT 720;0.000;0.000;0.000;0.000;0.000;0.000;0.000;0.000;0.055;0.028;0.000;0.000;0.000;0.000;0.000;0.000;0.000;;
AMD Radeon HD 8330;0.000;0.000;0.000;0.000;0.000;0.000;0.076;0.126;0.175;0.073;0.000;0.000;0.000;0.000;0.000;0.000;0.000;;
NVIDIA GeForce GTX 660M;0.000;0.000;0.000;0.000;0.000;0.223;0.344;0.182;0.190;0.072;0.000;0.000;0.000;0.000;0.000;0.000;0.000;;
NVIDIA GeForce 9400 GT;0.000;0.000;0.000;0.000;0.000;0.000;0.000;0.000;0.143;0.072;0.000;0.000;0.000;0.000;0.000;0.000;0.000;128.000;
ATI Mobility Radeon HD 4570;0.000;0.046;1.008;1.061;0.948;0.642;0.220;0.160;0.180;0.000;0.000;0.000;0.000;0.000;0.000;0.000;0.000;;
NVIDIA GeForce 8600 GT;0.000;0.000;0.000;0.000;0.000;0.000;0.000;0.000;0.122;0.000;0.000;0.000;0.000;0.000;0.000;0.000;0.000;;
AMD Radeon HD 4650;0.000;0.000;0.000;0.000;0.000;0.000;0.186;0.146;0.172;0.000;0.000;0.000;0.000;0.000;0.000;0.000;0.000;;
AMD Radeon HD 7660G;0.000;0.000;0.000;0.000;0.000;0.000;0.000;0.142;0.137;0.000;0.000;0.000;0.000;0.000;0.000;0.000;0.000;;
AMD Radeon HD 4350;0.000;0.000;0.000;0.000;0.000;0.000;0.172;0.136;0.154;0.000;0.000;0.000;0.000;0.000;0.000;0.000;0.000;;
ATI 760G;0.000;0.000;0.000;0.000;0.000;0.000;0.119;0.105;0.143;0.000;0.000;0.000;0.000;0.000;0.000;0.000;0.000;;
NVIDIA GeForce GT 520M;0.000;0.000;0.000;0.000;0.000;0.000;0.163;0.136;0.161;0.000;0.000;0.000;0.000;0.000;0.000;0.000;0.000;;
NVIDIA GeForce GT 525M;0.000;0.000;0.000;0.000;0.000;0.000;0.184;0.142;0.158;0.000;0.000;0.000;0.000;0.000;0.000;0.000;0.000;;
AMD Radeon HD 7560D;0.000;0.000;0.000;0.000;0.000;0.000;0.127;0.122;0.145;0.000;0.000;0.000;0.000;0.000;0.000;0.000;0.000;;
AMD Radeon HD 8650G;0.000;0.000;0.000;0.000;0.000;0.000;0.128;0.138;0.156;0.000;0.000;0.000;0.000;0.000;0.000;0.000;0.000;;
ATI Mobility Radeon HD 4200;0.000;0.000;0.000;0.000;0.921;0.817;0.452;0.159;0.147;0.000;0.000;0.000;0.000;0.000;0.000;0.000;0.000;;
AMD Radeon HD 6410D;0.000;0.000;0.000;0.000;0.000;0.000;0.109;0.095;0.101;0.000;0.000;0.000;0.000;0.000;0.000;0.000;0.000;;
AMD Radeon HD 7400M Series;0.000;0.000;0.000;0.000;0.000;0.000;0.000;0.141;0.138;0.000;0.000;0.000;0.000;0.000;0.000;0.000;0.000;;
NVIDIA GeForce GT 620M;0.000;0.000;0.000;0.000;0.000;0.145;1.088;0.973;1.272;0.000;0.000;0.000;0.000;0.000;0.000;0.000;0.000;;
Intel ValleyView2 HD Graphics;0.000;0.000;0.000;0.000;0.000;0.000;0.163;0.772;1.064;0.000;0.000;0.000;0.000;0.000;0.000;0.000;0.000;;
Intel HD Graphics 2500;0.000;0.000;0.000;0.000;0.000;0.153;1.329;0.993;0.979;0.000;0.000;0.000;0.000;0.000;0.000;0.000;0.000;;
NVIDIA GeForce 920A;0.000;0.000;0.000;0.000;0.000;0.000;0.000;0.000;0.188;0.000;0.000;0.000;0.000;0.000;0.000;0.000;0.000;;
Mobile Intel 4 Series Express;0.000;0.650;1.823;1.584;1.917;1.410;0.970;0.384;0.333;0.000;0.000;0.000;0.000;0.000;0.000;0.000;0.000;;
AMD Radeon HD 8600M Series;0.000;0.000;0.000;0.000;0.000;0.000;0.000;0.000;0.109;0.000;0.000;0.000;0.000;0.000;0.000;0.000;0.000;;
Intel G41 Express;0.000;0.000;0.000;0.000;0.231;0.000;0.257;0.224;0.227;0.000;0.000;0.000;0.000;0.000;0.000;0.000;0.000;;
AMD Radeon R7 M260 Series;0.000;0.000;0.000;0.000;0.000;0.000;0.000;0.000;0.055;0.000;0.000;0.000;0.000;0.000;0.000;0.000;0.000;;
NVIDIA GeForce GTX 650 Ti Boost;0.000;0.000;0.000;0.000;0.000;0.000;0.174;0.132;0.118;0.000;0.000;0.000;0.000;0.000;0.000;0.000;0.000;1914.000;
ATI Radeon HD 5570;0.000;0.000;0.000;0.000;0.329;0.000;0.000;0.000;0.072;0.000;0.000;0.000;0.000;0.000;0.000;0.000;0.000;410.000;
Intel Ironlake (Mobile);0.000;0.000;0.000;0.000;0.000;1.193;1.210;0.504;0.527;0.000;0.000;0.000;0.000;0.000;0.000;0.000;0.000;;
NVIDIA GeForce 9500;0.112;1.843;2.646;2.033;1.798;1.277;1.002;0.452;0.388;0.000;0.000;0.000;0.000;0.000;0.000;0.000;0.000;;
NVIDIA GeForce 9800;1.684;4.967;5.988;4.953;2.761;1.472;0.940;0.378;0.305;0.000;0.000;0.000;0.000;0.000;0.000;0.000;0.000;;
Desktop Haswell GT1;0.000;0.000;0.000;0.000;0.000;0.000;0.000;0.044;0.128;0.000;0.000;0.000;0.000;0.000;0.000;0.000;0.000;;
NVIDIA GeForce 8400;1.378;1.494;1.176;0.697;0.706;0.612;0.235;0.177;0.150;0.000;0.000;0.000;0.000;0.000;0.000;0.000;0.000;;
NVIDIA GeForce 8600;7.794;6.683;4.350;2.458;1.494;0.824;0.511;0.200;0.159;0.000;0.000;0.000;0.000;0.000;0.000;0.000;0.000;;
Intel G33/G31 Express;0.000;0.000;0.233;0.000;0.305;0.000;0.180;0.147;0.131;0.000;0.000;0.000;0.000;0.000;0.000;0.000;0.000;;
NVIDIA GeForce 9400;0.000;0.824;1.341;0.897;0.728;0.391;0.203;0.168;0.139;0.000;0.000;0.000;0.000;0.000;0.000;0.000;0.000;;
Intel HD Graphics - Braswell;0.000;0.000;0.000;0.000;0.000;0.000;0.000;0.000;0.031;0.000;0.000;0.000;0.000;0.000;0.000;0.000;0.000;;
AMD Radeon HD 8570D;0.000;0.000;0.000;0.000;0.000;0.000;0.000;0.107;0.101;0.000;0.000;0.000;0.000;0.000;0.000;0.000;0.000;;
AMD Radeon R7 M260;0.000;0.000;0.000;0.000;0.000;0.000;0.000;0.013;0.068;0.000;0.000;0.000;0.000;0.000;0.000;0.000;0.000;;
NVIDIA GeForce GT 640M;0.000;0.000;0.000;0.000;0.000;0.000;0.147;0.113;0.100;0.000;0.000;0.000;0.000;0.000;0.000;0.000;0.000;;
NVIDIA GeForce 9600;2.000;4.034;4.504;3.242;2.269;1.463;1.031;0.451;0.432;0.000;0.000;0.000;0.000;0.000;0.000;0.000;0.000;;
AMD Radeon HD 5670;0.000;0.000;0.000;0.000;0.000;0.000;0.258;0.203;0.186;0.000;0.000;0.000;0.000;0.000;0.000;0.000;0.000;;
AMD Radeon HD 6950;0.000;0.000;0.000;0.000;0.000;0.000;0.374;0.202;0.160;0.000;0.000;0.000;0.000;0.000;0.000;0.000;0.000;1827.000;
AMD Radeon HD 5570;0.000;0.000;0.000;0.000;0.000;0.000;0.169;0.131;0.121;0.000;0.000;0.000;0.000;0.000;0.000;0.000;0.000;;
NVIDIA GeForce GTX 580;0.000;0.000;0.000;0.337;1.244;0.896;0.503;0.152;0.103;0.000;0.000;0.000;0.000;0.000;0.000;0.000;0.000;2428.000;
NVIDIA GeForce GT 755M;0.000;0.000;0.000;0.000;0.000;0.000;0.059;0.099;0.083;0.000;0.000;0.000;0.000;0.000;0.000;0.000;0.000;;53.710
AMD Radeon HD 4670;0.000;0.000;0.000;0.000;0.000;0.000;0.158;0.128;0.090;0.000;0.000;0.000;0.000;0.000;0.000;0.000;0.000;;
NVIDIA N16V-GM;0.000;0.000;0.000;0.000;0.000;0.000;0.000;0.014;0.062;0.000;0.000;0.000;0.000;0.000;0.000;0.000;0.000;;
NVIDIA GeForce GT 420;0.000;0.000;0.000;0.000;0.000;0.000;0.000;0.000;0.013;0.000;0.000;0.000;0.000;0.000;0.000;0.000;0.000;;
NVIDIA GeForce 310M;0.000;0.000;0.000;0.000;0.000;0.000;0.143;0.107;0.041;0.000;0.000;0.000;0.000;0.000;0.000;0.000;0.000;;
AMD Radeon HD 4850;0.000;0.000;0.000;0.000;0.000;0.000;0.198;0.128;0.000;0.000;0.000;0.000;0.000;0.000;0.000;0.000;0.000;;
NVIDIA GeForce GTX 260;0.240;2.130;3.784;3.988;1.952;0.818;0.313;0.131;0.000;0.000;0.000;0.000;0.000;0.000;0.000;0.000;0.000;1001.000;
AMD Radeon HD 7520G;0.000;0.000;0.000;0.000;0.000;0.000;0.000;0.117;0.000;0.000;0.000;0.000;0.000;0.000;0.000;0.000;0.000;;
AMD Radeon HD 7310;0.000;0.000;0.000;0.000;0.000;0.000;0.137;0.113;0.000;0.000;0.000;0.000;0.000;0.000;0.000;0.000;0.000;;
AMD Radeon HD 6320;0.000;0.000;0.000;0.000;0.000;0.000;0.130;0.085;0.000;0.000;0.000;0.000;0.000;0.000;0.000;0.000;0.000;;
NVIDIA GeForce GTX 870M;0.000;0.000;0.000;0.000;0.000;0.000;0.000;0.081;0.000;0.000;0.000;0.000;0.000;0.000;0.000;0.000;0.000;;150.780
NVIDIA GeForce GTX 770M;0.000;0.000;0.000;0.000;0.000;0.000;0.128;0.089;0.000;0.000;0.000;0.000;0.000;0.000;0.000;0.000;0.000;;113.570
AMD Radeon HD 6480G;0.000;0.000;0.000;0.000;0.000;0.000;0.118;0.085;0.000;0.000;0.000;0.000;0.000;0.000;0.000;0.000;0.000;;
NVIDIA GeForce GT 555M;0.000;0.000;0.000;0.000;0.318;0.000;0.147;0.074;0.000;0.000;0.000;0.000;0.000;0.000;0.000;0.000;0.000;;
NVIDIA GeForce 6100;1.330;1.165;0.870;0.262;0.457;0.000;0.147;0.074;0.000;0.000;0.000;0.000;0.000;0.000;0.000;0.000;0.000;;
Mobile Intel 965 Express;1.202;1.324;0.882;0.251;0.180;0.000;0.128;0.072;0.000;0.000;0.000;0.000;0.000;0.000;0.000;0.000;0.000;;
AMD Radeon HD 7970;0.000;0.000;0.000;0.000;0.000;0.000;0.701;0.091;0.000;0.000;0.000;0.000;0.000;0.000;0.000;0.000;0.000;2959.000;
AMD Radeon HD 7850;0.000;0.000;0.000;0.000;0.000;0.000;0.783;0.085;0.000;0.000;0.000;0.000;0.000;0.000;0.000;0.000;0.000;1928.000;
AMD Radeon HD 7770;0.000;0.000;0.000;0.000;0.000;0.000;0.733;0.083;0.000;0.000;0.000;0.000;0.000;0.000;0.000;0.000;0.000;;
AMD Radeon HD 7950;0.000;0.000;0.000;0.000;0.000;0.000;0.484;0.068;0.000;0.000;0.000;0.000;0.000;0.000;0.000;0.000;0.000;2453.000;
AMD Radeon HD 5450;0.000;0.000;0.000;0.000;0.000;0.000;0.487;0.062;0.000;0.000;0.000;0.000;0.000;0.000;0.000;0.000;0.000;;
AMD Radeon HD 5770;0.000;0.000;0.000;0.000;0.000;0.000;0.584;0.056;0.000;0.000;0.000;0.000;0.000;0.000;0.000;0.000;0.000;;
AMD Radeon HD 7870;0.000;0.000;0.000;0.000;0.000;0.000;0.533;0.053;0.000;0.000;0.000;0.000;0.000;0.000;0.000;0.000;0.000;;
AMD Radeon HD 7750;0.000;0.000;0.000;0.000;0.000;0.000;0.413;0.049;0.000;0.000;0.000;0.000;0.000;0.000;0.000;0.000;0.000;976.000;
AMD Radeon HD 6850;0.000;0.000;0.000;0.000;0.000;0.000;0.486;0.047;0.000;0.000;0.000;0.000;0.000;0.000;0.000;0.000;0.000;1339.000;
AMD Radeon HD 6870;0.000;0.000;0.000;0.000;0.000;0.000;0.484;0.043;0.000;0.000;0.000;0.000;0.000;0.000;0.000;0.000;0.000;1615.000;
ATI Mobility Radeon HD 5470;0.000;0.000;0.000;0.000;0.806;0.857;0.593;0.037;0.000;0.000;0.000;0.000;0.000;0.000;0.000;0.000;0.000;;
ATI Mobility Radeon HD 5650;0.000;0.000;0.000;0.046;0.928;0.805;0.524;0.033;0.000;0.000;0.000;0.000;0.000;0.000;0.000;0.000;0.000;;
AMD Radeon HD 7640G + 7670M;0.000;0.000;0.000;0.000;0.000;0.000;0.245;0.032;0.000;0.000;0.000;0.000;0.000;0.000;0.000;0.000;0.000;;
AMD Radeon HD 6770;0.000;0.000;0.000;0.000;0.000;0.000;0.217;0.025;0.000;0.000;0.000;0.000;0.000;0.000;0.000;0.000;0.000;;
AMD Radeon HD 7660G + 7670M;0.000;0.000;0.000;0.000;0.000;0.000;0.182;0.023;0.000;0.000;0.000;0.000;0.000;0.000;0.000;0.000;0.000;;
AMD Radeon HD 6490M;0.000;0.000;0.000;0.000;0.000;0.000;0.187;0.023;0.000;0.000;0.000;0.000;0.000;0.000;0.000;0.000;0.000;;
AMD Radeon HD 8600;0.000;0.000;0.000;0.000;0.000;0.000;0.048;0.020;0.000;0.000;0.000;0.000;0.000;0.000;0.000;0.000;0.000;;
AMD Radeon HD 5750;0.000;0.000;0.000;0.000;0.000;0.000;0.170;0.020;0.000;0.000;0.000;0.000;0.000;0.000;0.000;0.000;0.000;;
AMD Radeon HD 5850;0.000;0.000;0.000;0.000;0.000;0.000;0.171;0.019;0.000;0.000;0.000;0.000;0.000;0.000;0.000;0.000;0.000;;
AMD Radeon HD 7520G + 7670M;0.000;0.000;0.000;0.000;0.000;0.000;0.156;0.019;0.000;0.000;0.000;0.000;0.000;0.000;0.000;0.000;0.000;;
AMD Radeon HD 5500 Series;0.000;0.000;0.000;0.000;0.000;0.000;0.078;0.017;0.000;0.000;0.000;0.000;0.000;0.000;0.000;0.000;0.000;;
NVIDIA GeForce 8800;13.202;10.862;7.127;4.780;1.871;0.728;0.150;0.017;0.000;0.000;0.000;0.000;0.000;0.000;0.000;0.000;0.000;;
NVIDIA GeForce GTX 560M;0.000;0.000;0.000;0.000;0.275;0.000;0.131;0.014;0.000;0.000;0.000;0.000;0.000;0.000;0.000;0.000;0.000;;
AMD Radeon HD 5870;0.000;0.000;0.000;0.000;0.000;0.000;0.137;0.014;0.000;0.000;0.000;0.000;0.000;0.000;0.000;0.000;0.000;;
AMD Radeon HD 6970;0.000;0.000;0.000;0.000;0.000;0.000;0.120;0.014;0.000;0.000;0.000;0.000;0.000;0.000;0.000;0.000;0.000;2053.000;
AMD Radeon HD 4870;0.000;0.000;0.000;0.000;0.000;0.000;0.123;0.013;0.000;0.000;0.000;0.000;0.000;0.000;0.000;0.000;0.000;;
AMD Radeon HD 6620G;0.000;0.000;0.000;0.000;0.000;0.000;0.114;0.013;0.000;0.000;0.000;0.000;0.000;0.000;0.000;0.000;0.000;;
NVIDIA GeForce GTX 470;0.000;0.000;0.170;1.016;0.763;0.000;0.107;0.000;0.000;0.000;0.000;0.000;0.000;0.000;0.000;0.000;0.000;1558.000;
ATI Mobility Radeon HD 5430;0.000;0.000;0.000;0.000;0.000;0.000;0.072;0.000;0.000;0.000;0.000;0.000;0.000;0.000;0.000;0.000;0.000;;
AMD Radeon HD 7670M;0.000;0.000;0.000;0.000;0.000;0.000;0.098;0.000;0.000;0.000;0.000;0.000;0.000;0.000;0.000;0.000;0.000;;
AMD Radeon HD 7550M;0.000;0.000;0.000;0.000;0.000;0.000;0.067;0.000;0.000;0.000;0.000;0.000;0.000;0.000;0.000;0.000;0.000;;
ATI Mobility Radeon HD 4650;0.000;0.000;0.752;0.854;0.643;0.000;0.073;0.000;0.000;0.000;0.000;0.000;0.000;0.000;0.000;0.000;0.000;;
ATI Radeon HD 7850;0.000;0.000;0.000;0.000;0.097;1.095;0.969;0.000;0.000;0.000;0.000;0.000;0.000;0.000;0.000;0.000;0.000;;
ATI Radeon HD 7770;0.000;0.000;0.000;0.000;0.000;0.902;0.850;0.000;0.000;0.000;0.000;0.000;0.000;0.000;0.000;0.000;0.000;;
ATI Radeon HD 5770;0.000;0.000;0.000;3.832;2.807;1.559;0.900;0.000;0.000;0.000;0.000;0.000;0.000;0.000;0.000;0.000;0.000;984.000;
ATI Radeon HD 7970;0.000;0.000;0.000;0.000;0.000;0.578;0.655;0.000;0.000;0.000;0.000;0.000;0.000;0.000;0.000;0.000;0.000;;
ATI Radeon HD 6670;0.000;0.000;0.000;0.000;0.315;0.863;0.684;0.000;0.000;0.000;0.000;0.000;0.000;0.000;0.000;0.000;0.000;;
ATI Radeon HD 7870;0.000;0.000;0.000;0.000;0.000;0.689;0.679;0.000;0.000;0.000;0.000;0.000;0.000;0.000;0.000;0.000;0.000;;
ATI Radeon HD 6870;0.000;0.000;0.000;0.357;1.524;1.315;0.769;0.000;0.000;0.000;0.000;0.000;0.000;0.000;0.000;0.000;0.000;;
ATI Radeon HD 6850;0.000;0.000;0.000;0.199;1.388;1.248;0.748;0.000;0.000;0.000;0.000;0.000;0.000;0.000;0.000;0.000;0.000;;
ATI Radeon HD 7950;0.000;0.000;0.000;0.000;0.000;0.552;0.594;0.000;0.000;0.000;0.000;0.000;0.000;0.000;0.000;0.000;0.000;;
ATI Radeon HD 7750;0.000;0.000;0.000;0.000;0.000;0.199;0.476;0.000;0.000;0.000;0.000;0.000;0.000;0.000;0.000;0.000;0.000;;
ATI Radeon HD 6950;0.000;0.000;0.000;0.365;1.332;1.016;0.591;0.000;0.000;0.000;0.000;0.000;0.000;0.000;0.000;0.000;0.000;;
ATI Radeon HD 8800 Series;0.000;0.000;0.000;0.000;0.000;0.000;0.048;0.000;0.000;0.000;0.000;0.000;0.000;0.000;0.000;0.000;0.000;;
ATI Radeon HD 6570;0.000;0.000;0.000;0.000;0.000;0.043;0.137;0.000;0.000;0.000;0.000;0.000;0.000;0.000;0.000;0.000;0.000;;
ATI Radeon HD 5850;0.000;0.000;0.000;2.249;1.321;0.516;0.000;0.000;0.000;0.000;0.000;0.000;0.000;0.000;0.000;0.000;0.000;1464.000;
ATI Radeon HD 4850;0.000;0.000;0.000;2.831;1.458;0.660;0.000;0.000;0.000;0.000;0.000;0.000;0.000;0.000;0.000;0.000;0.000;784.000;
ATI Radeon HD 6770;0.000;0.000;0.000;0.000;0.470;0.589;0.000;0.000;0.000;0.000;0.000;0.000;0.000;0.000;0.000;0.000;0.000;;
ATI Radeon HD 6520G;0.000;0.000;0.000;0.000;0.235;0.568;0.000;0.000;0.000;0.000;0.000;0.000;0.000;0.000;0.000;0.000;0.000;;
ATI Radeon HD 6310;0.000;0.000;0.000;0.000;0.000;0.088;0.000;0.000;0.000;0.000;0.000;0.000;0.000;0.000;0.000;0.000;0.000;;
ATI Radeon HD 4870;0.000;0.000;0.000;2.707;1.246;0.444;0.000;0.000;0.000;0.000;0.000;0.000;0.000;0.000;0.000;0.000;0.000;1013.000;
ATI Radeon HD 5870;0.000;0.000;0.000;2.046;1.136;0.427;0.000;0.000;0.000;0.000;0.000;0.000;0.000;0.000;0.000;0.000;0.000;1722.000;
ATI Radeon HD 5750;0.000;0.000;0.000;0.896;0.730;0.292;0.000;0.000;0.000;0.000;0.000;0.000;0.000;0.000;0.000;0.000;0.000;855.000;
ATI Radeon HD 4650;0.000;0.138;0.912;0.978;0.741;0.288;0.000;0.000;0.000;0.000;0.000;0.000;0.000;0.000;0.000;0.000;0.000;;
ATI Radeon HD 4350;0.000;0.000;0.719;0.772;0.711;0.193;0.000;0.000;0.000;0.000;0.000;0.000;0.000;0.000;0.000;0.000;0.000;;
ATI Radeon HD 6970;0.000;0.000;0.000;0.000;0.429;0.000;0.000;0.000;0.000;0.000;0.000;0.000;0.000;0.000;0.000;0.000;0.000;;
ATI Radeon HD 4670;0.000;0.383;0.987;0.888;0.609;0.000;0.000;0.000;0.000;0.000;0.000;0.000;0.000;0.000;0.000;0.000;0.000;446.000;
NVIDIA GeForce GTX 550;0.000;0.000;0.000;0.000;0.556;0.000;0.000;0.000;0.000;0.000;0.000;0.000;0.000;0.000;0.000;0.000;0.000;;
NVIDIA GeForce 8500;2.744;2.482;1.499;0.743;0.497;0.000;0.000;0.000;0.000;0.000;0.000;0.000;0.000;0.000;0.000;0.000;0.000;;
NVIDIA GeForce 9600M;0.000;1.131;1.333;1.107;0.772;0.000;0.000;0.000;0.000;0.000;0.000;0.000;0.000;0.000;0.000;0.000;0.000;;
NVIDIA GeForce GTS 150;0.000;0.310;2.547;2.941;2.132;0.000;0.000;0.000;0.000;0.000;0.000;0.000;0.000;0.000;0.000;0.000;0.000;;
ATI Radeon HD 4890;0.000;0.000;0.000;1.337;0.801;0.000;0.000;0.000;0.000;0.000;0.000;0.000;0.000;0.000;0.000;0.000;0.000;1171.000;
NVIDIA GeForce GTX 275;0.000;0.263;1.153;1.235;0.758;0.000;0.000;0.000;0.000;0.000;0.000;0.000;0.000;0.000;0.000;0.000;0.000;1247.000;
NVIDIA GeForce GTX 285;0.000;0.461;1.085;1.155;0.718;0.000;0.000;0.000;0.000;0.000;0.000;0.000;0.000;0.000;0.000;0.000;0.000;1365.000;
NVIDIA GeForce GTX 480;0.000;0.000;0.097;0.627;0.428;0.000;0.000;0.000;0.000;0.000;0.000;0.000;0.000;0.000;0.000;0.000;0.000;1962.000;
NVIDIA GeForce 8600M;2.082;1.872;1.252;0.830;0.458;0.000;0.000;0.000;0.000;0.000;0.000;0.000;0.000;0.000;0.000;0.000;0.000;;
ATI Radeon HD 3200;0.000;0.318;0.792;0.618;0.372;0.000;0.000;0.000;0.000;0.000;0.000;0.000;0.000;0.000;0.000;0.000;0.000;;
NVIDIA GeForce GTX 260M;0.000;0.000;0.047;0.489;0.349;0.000;0.000;0.000;0.000;0.000;0.000;0.000;0.000;0.000;0.000;0.000;0.000;;
NVIDIA GeForce GTX 295;0.000;0.149;0.648;0.632;0.367;0.000;0.000;0.000;0.000;0.000;0.000;0.000;0.000;0.000;0.000;0.000;0.000;1891.000;
NVIDIA GeForce GTX 280;0.112;0.879;0.797;0.667;0.383;0.000;0.000;0.000;0.000;0.000;0.000;0.000;0.000;0.000;0.000;0.000;0.000;1253.000;
ATI Radeon HD 3870;1.108;1.097;0.831;0.580;0.188;0.000;0.000;0.000;0.000;0.000;0.000;0.000;0.000;0.000;0.000;0.000;0.000;;
NVIDIA GeForce 7600;4.422;2.830;1.324;0.720;0.000;0.000;0.000;0.000;0.000;0.000;0.000;0.000;0.000;0.000;0.000;0.000;0.000;;
ATI Mobility Radeon HD 3470;0.000;0.749;0.728;0.452;0.000;0.000;0.000;0.000;0.000;0.000;0.000;0.000;0.000;0.000;0.000;0.000;0.000;;
ATI Radeon HD 3650;0.000;0.000;0.000;0.333;0.000;0.000;0.000;0.000;0.000;0.000;0.000;0.000;0.000;0.000;0.000;0.000;0.000;;
ATI Radeon HD 3850;0.680;0.868;0.696;0.433;0.000;0.000;0.000;0.000;0.000;0.000;0.000;0.000;0.000;0.000;0.000;0.000;0.000;;
NVIDIA GeForce 7300;3.196;2.299;1.182;0.473;0.000;0.000;0.000;0.000;0.000;0.000;0.000;0.000;0.000;0.000;0.000;0.000;0.000;;
ATI Radeon HD 2600;1.224;1.028;0.735;0.311;0.000;0.000;0.000;0.000;0.000;0.000;0.000;0.000;0.000;0.000;0.000;0.000;0.000;;
ATI Radeon HD 4800 Series;1.916;6.240;8.095;2.664;0.000;0.000;0.000;0.000;0.000;0.000;0.000;0.000;0.000;0.000;0.000;0.000;0.000;;
NVIDIA GeForce 8400M;1.062;1.093;0.744;0.210;0.000;0.000;0.000;0.000;0.000;0.000;0.000;0.000;0.000;0.000;0.000;0.000;0.000;;
ATI Radeon HD 5600 Series;0.000;0.000;0.000;0.045;0.000;0.000;0.000;0.000;0.000;0.000;0.000;0.000;0.000;0.000;0.000;0.000;0.000;;
ATI Radeon HD 3600 Series;0.000;0.000;0.606;0.000;0.000;0.000;0.000;0.000;0.000;0.000;0.000;0.000;0.000;0.000;0.000;0.000;0.000;;
NVIDIA GeForce 6600;2.914;1.691;0.850;0.000;0.000;0.000;0.000;0.000;0.000;0.000;0.000;0.000;0.000;0.000;0.000;0.000;0.000;;
NVIDIA GeForce FX 5200;2.582;1.447;0.868;0.000;0.000;0.000;0.000;0.000;0.000;0.000;0.000;0.000;0.000;0.000;0.000;0.000;0.000;;
NVIDIA GeForce 6200;1.926;1.342;0.858;0.000;0.000;0.000;0.000;0.000;0.000;0.000;0.000;0.000;0.000;0.000;0.000;0.000;0.000;;
ATI Radeon X1950;1.614;1.051;0.666;0.000;0.000;0.000;0.000;0.000;0.000;0.000;0.000;0.000;0.000;0.000;0.000;0.000;0.000;;
ATI Radeon X1600;1.320;0.967;0.580;0.000;0.000;0.000;0.000;0.000;0.000;0.000;0.000;0.000;0.000;0.000;0.000;0.000;0.000;;
ATI Radeon 9600;1.900;1.088;0.578;0.000;0.000;0.000;0.000;0.000;0.000;0.000;0.000;0.000;0.000;0.000;0.000;0.000;0.000;;
NVIDIA GeForce 9400M;0.000;0.000;0.251;0.000;0.000;0.000;0.000;0.000;0.000;0.000;0.000;0.000;0.000;0.000;0.000;0.000;0.000;;
Mobile Intel 945GM Express;0.856;0.683;0.065;0.000;0.000;0.000;0.000;0.000;0.000;0.000;0.000;0.000;0.000;0.000;0.000;0.000;0.000;;
ATI Mobility Radeon HD 2600;0.000;0.000;0.060;0.000;0.000;0.000;0.000;0.000;0.000;0.000;0.000;0.000;0.000;0.000;0.000;0.000;0.000;;
ATI Mobility Radeon X1600;0.000;0.000;0.052;0.000;0.000;0.000;0.000;0.000;0.000;0.000;0.000;0.000;0.000;0.000;0.000;0.000;0.000;;
NVIDIA GeForce 7900;1.660;1.039;0.571;0.000;0.000;0.000;0.000;0.000;0.000;0.000;0.000;0.000;0.000;0.000;0.000;0.000;0.000;;
ATI Radeon 9200;1.698;0.980;0.442;0.000;0.000;0.000;0.000;0.000;0.000;0.000;0.000;0.000;0.000;0.000;0.000;0.000;0.000;;
ATI Radeon Xpress 200;1.442;0.973;0.363;0.000;0.000;0.000;0.000;0.000;0.000;0.000;0.000;0.000;0.000;0.000;0.000;0.000;0.000;;
Intel 82945G Express;0.824;0.678;0.239;0.000;0.000;0.000;0.000;0.000;0.000;0.000;0.000;0.000;0.000;0.000;0.000;0.000;0.000;;
ATI Radeon HD 3600;0.000;0.637;0.323;0.000;0.000;0.000;0.000;0.000;0.000;0.000;0.000;0.000;0.000;0.000;0.000;0.000;0.000;;
NVIDIA GeForce 7800;1.276;0.798;0.198;0.000;0.000;0.000;0.000;0.000;0.000;0.000;0.000;0.000;0.000;0.000;0.000;0.000;0.000;;
ATI Mobility Radeon HD 3650;0.000;0.084;0.126;0.000;0.000;0.000;0.000;0.000;0.000;0.000;0.000;0.000;0.000;0.000;0.000;0.000;0.000;;
ATI Radeon HD 2400;0.648;0.578;0.000;0.000;0.000;0.000;0.000;0.000;0.000;0.000;0.000;0.000;0.000;0.000;0.000;0.000;0.000;;
NVIDIA GeForce 6800;1.334;0.749;0.000;0.000;0.000;0.000;0.000;0.000;0.000;0.000;0.000;0.000;0.000;0.000;0.000;0.000;0.000;;
ATI Radeon X1300;1.016;0.684;0.000;0.000;0.000;0.000;0.000;0.000;0.000;0.000;0.000;0.000;0.000;0.000;0.000;0.000;0.000;;
NVIDIA GeForce4 MX;1.384;0.818;0.000;0.000;0.000;0.000;0.000;0.000;0.000;0.000;0.000;0.000;0.000;0.000;0.000;0.000;0.000;;
NVIDIA GeForce FX 5500;1.014;0.672;0.000;0.000;0.000;0.000;0.000;0.000;0.000;0.000;0.000;0.000;0.000;0.000;0.000;0.000;0.000;;
ATI Radeon X800;1.174;0.768;0.000;0.000;0.000;0.000;0.000;0.000;0.000;0.000;0.000;0.000;0.000;0.000;0.000;0.000;0.000;;
ATI Radeon X1650;0.860;0.688;0.000;0.000;0.000;0.000;0.000;0.000;0.000;0.000;0.000;0.000;0.000;0.000;0.000;0.000;0.000;;
ATI Radeon 9550;0.896;0.716;0.000;0.000;0.000;0.000;0.000;0.000;0.000;0.000;0.000;0.000;0.000;0.000;0.000;0.000;0.000;;
NVIDIA GeForce 7950;0.896;0.681;0.000;0.000;0.000;0.000;0.000;0.000;0.000;0.000;0.000;0.000;0.000;0.000;0.000;0.000;0.000;;
ATI Radeon X300;0.830;0.618;0.000;0.000;0.000;0.000;0.000;0.000;0.000;0.000;0.000;0.000;0.000;0.000;0.000;0.000;0.000;;
ATI Radeon HD 3450;0.000;0.046;0.000;0.000;0.000;0.000;0.000;0.000;0.000;0.000;0.000;0.000;0.000;0.000;0.000;0.000;0.000;;
ATI Radeon X600;0.662;0.347;0.000;0.000;0.000;0.000;0.000;0.000;0.000;0.000;0.000;0.000;0.000;0.000;0.000;0.000;0.000;;
ATI Radeon 9800;0.644;0.000;0.000;0.000;0.000;0.000;0.000;0.000;0.000;0.000;0.000;0.000;0.000;0.000;0.000;0.000;0.000;;
ATI Radeon X700;0.612;0.000;0.000;0.000;0.000;0.000;0.000;0.000;0.000;0.000;0.000;0.000;0.000;0.000;0.000;0.000;0.000;;
NVIDIA GeForce Go 7600;0.564;0.000;0.000;0.000;0.000;0.000;0.000;0.000;0.000;0.000;0.000;0.000;0.000;0.000;0.000;0.000;0.000;;
